colecao,quantidade_vendida,estoque_medio,giro_estoque
Inverno 2025,2423,206.86111111111111,11.71
Linha Contínua,5484,374.43055555555554,14.65
Outono 2025,3607,253.90277777777777,14.21
Primavera 2025,3457,254.54166666666666,13.58
Verão 2025,6117,452.9583333333333,13.5
